stop_id,makat,route_short_name,route_long_name,agency_name,stop_name,city_name
49423,73001,1,הדסה עין כרם-ירושלים --> נווה יעקב - צפון-ירושלים,כפיר,הדסה עין כרם,ירושלים
49447,73001,1,הדסה עין כרם-ירושלים --> נווה יעקב - צפון-ירושלים,כפיר,בית הספר לרפואה,ירושלים
49434,73001,1,הדסה עין כרם-ירושלים --> נווה יעקב - צפון-ירושלים,כפיר,צומת אורה,ירושלים
49468,73001,1,הדסה עין כרם-ירושלים --> נווה יעקב - צפון-ירושלים,כפיר,קריית מנחם,ירושלים
49448,73001,1,הדסה עין כרם-ירושלים --> נווה יעקב - צפון-ירושלים,כפיר,הנרייטה סאלד - מזרח,ירושלים
49429,73001,1,הדסה עין כרם-ירושלים --> נווה יעקב - צפון-ירושלים,כפיר,גן המפלצת,ירושלים
49442,73001,1,הדסה עין כרם-ירושלים --> נווה יעקב - צפון-ירושלים,כפיר,קריית היובל - מערב,ירושלים
49459,73001,1,הדסה עין כרם-ירושלים --> נווה יעקב - צפון-ירושלים,כפיר,שמריהו לוין,ירושלים
35161,73001,1,הדסה עין כרם-ירושלים --> נווה יעקב - צפון-ירושלים,כפיר,הר הרצל,ירושלים
35159,73001,1,הדסה עין כרם-ירושלים --> נווה יעקב - צפון-ירושלים,כפיר,יפה נוף,ירושלים
35157,73001,1,הדסה עין כרם-ירושלים --> נווה יעקב - צפון-ירושלים,כפיר,כיכר דניה,ירושלים
35163,73001,1,הדסה עין כרם-ירושלים --> נווה יעקב - צפון-ירושלים,כפיר,החלוץ,ירושלים
35155,73001,1,הדסה עין כרם-ירושלים --> נווה יעקב - צפון-ירושלים,כפיר,קריית משה,ירושלים
35154,73001,1,הדסה עין כרם-ירושלים --> נווה יעקב - צפון-ירושלים,כפיר,התחנה המרכזית,ירושלים
35152,73001,1,הדסה עין כרם-ירושלים --> נווה יעקב - צפון-ירושלים,כפיר,הטורים,ירושלים
35150,73001,1,הדסה עין כרם-ירושלים --> נווה יעקב - צפון-ירושלים,כפיר,מחנה יהודה,ירושלים
35147,73001,1,הדסה עין כרם-ירושלים --> נווה יעקב - צפון-ירושלים,כפיר,הדווידקה,ירושלים
35146,73001,1,הדסה עין כרם-ירושלים --> נווה יעקב - צפון-ירושלים,כפיר,יפו - מרכז,ירושלים
35143,73001,1,הדסה עין כרם-ירושלים --> נווה יעקב - צפון-ירושלים,כפיר,העירייה,ירושלים
35142,73001,1,הדסה עין כרם-ירושלים --> נווה יעקב - צפון-ירושלים,כפיר,שער שכם,ירושלים
35140,73001,1,הדסה עין כרם-ירושלים --> נווה יעקב - צפון-ירושלים,כפיר,שבטי ישראל,ירושלים
35137,73001,1,הדסה עין כרם-ירושלים --> נווה יעקב - צפון-ירושלים,כפיר,שמעון הצדיק,ירושלים
35136,73001,1,הדסה עין כרם-ירושלים --> נווה יעקב - צפון-ירושלים,כפיר,גבעת התחמושת,ירושלים
35134,73001,1,הדסה עין כרם-ירושלים --> נווה יעקב - צפון-ירושלים,כפיר,גבעת המבתר,ירושלים
35131,73001,1,הדסה עין כרם-ירושלים --> נווה יעקב - צפון-ירושלים,כפיר,א-סהל,ירושלים
35130,73001,1,הדסה עין כרם-ירושלים --> נווה יעקב - צפון-ירושלים,כפיר,שועפאט,ירושלים
35128,73001,1,הדסה עין כרם-ירושלים --> נווה יעקב - צפון-ירושלים,כפיר,בית חנינא,ירושלים
35125,73001,1,הדסה עין כרם-ירושלים --> נווה יעקב - צפון-ירושלים,כפיר,יקותיאל אדם,ירושלים
35124,73001,1,הדסה עין כרם-ירושלים --> נווה יעקב - צפון-ירושלים,כפיר,פסגת זאב - מרכז,ירושלים
35121,73001,1,הדסה עין כרם-ירושלים --> נווה יעקב - צפון-ירושלים,כפיר,סיירת דוכיפת,ירושלים
35120,73001,1,הדסה עין כרם-ירושלים --> נווה יעקב - צפון-ירושלים,כפיר,חיל האוויר,ירושלים
49450,73001,1,הדסה עין כרם-ירושלים --> נווה יעקב - צפון-ירושלים,כפיר,משה דיין - צפון,ירושלים
49430,73001,1,הדסה עין כרם-ירושלים --> נווה יעקב - צפון-ירושלים,כפיר,מזל קשת,ירושלים
49428,73001,1,הדסה עין כרם-ירושלים --> נווה יעקב - צפון-ירושלים,כפיר,יצחק טבנקין,ירושלים
49469,73001,1,הדסה עין כרם-ירושלים --> נווה יעקב - צפון-ירושלים,כפיר,נווה יעקב - צפון,ירושלים
49433,73001,1,נווה יעקב - צפון-ירושלים --> הדסה עין כרם-ירושלים,כפיר,נווה יעקב - צפון,ירושלים
49453,73001,1,נווה יעקב - צפון-ירושלים --> הדסה עין כרם-ירושלים,כפיר,יצחק טבנקין,ירושלים
49444,73001,1,נווה יעקב - צפון-ירושלים --> הדסה עין כרם-ירושלים,כפיר,מזל קשת,ירושלים
49432,73001,1,נווה יעקב - צפון-ירושלים --> הדסה עין כרם-ירושלים,כפיר,משה דיין - צפון,ירושלים
35119,73001,1,נווה יעקב - צפון-ירושלים --> הדסה עין כרם-ירושלים,כפיר,חיל האוויר,ירושלים
35122,73001,1,נווה יעקב - צפון-ירושלים --> הדסה עין כרם-ירושלים,כפיר,סיירת דוכיפת,ירושלים
35123,73001,1,נווה יעקב - צפון-ירושלים --> הדסה עין כרם-ירושלים,כפיר,פסגת זאב - מרכז,ירושלים
35126,73001,1,נווה יעקב - צפון-ירושלים --> הדסה עין כרם-ירושלים,כפיר,יקותיאל אדם,ירושלים
35127,73001,1,נווה יעקב - צפון-ירושלים --> הדסה עין כרם-ירושלים,כפיר,בית חנינא,ירושלים
35129,73001,1,נווה יעקב - צפון-ירושלים --> הדסה עין כרם-ירושלים,כפיר,שועפאט,ירושלים
35132,73001,1,נווה יעקב - צפון-ירושלים --> הדסה עין כרם-ירושלים,כפיר,א-סהל,ירושלים
35133,73001,1,נווה יעקב - צפון-ירושלים --> הדסה עין כרם-ירושלים,כפיר,גבעת המבתר,ירושלים
35133,73001,1,גבעת המבתר-ירושלים --> הדסה עין כרם-ירושלים,כפיר,גבעת המבתר,ירושלים
35135,73001,1,נווה יעקב - צפון-ירושלים --> הדסה עין כרם-ירושלים,כפיר,גבעת התחמושת,ירושלים
35135,73001,1,גבעת המבתר-ירושלים --> הדסה עין כרם-ירושלים,כפיר,גבעת התחמושת,ירושלים
35138,73001,1,נווה יעקב - צפון-ירושלים --> הדסה עין כרם-ירושלים,כפיר,שמעון הצדיק,ירושלים
35138,73001,1,גבעת המבתר-ירושלים --> הדסה עין כרם-ירושלים,כפיר,שמעון הצדיק,ירושלים
35139,73001,1,נווה יעקב - צפון-ירושלים --> הדסה עין כרם-ירושלים,כפיר,שבטי ישראל,ירושלים
35139,73001,1,גבעת המבתר-ירושלים --> הדסה עין כרם-ירושלים,כפיר,שבטי ישראל,ירושלים
35141,73001,1,נווה יעקב - צפון-ירושלים --> הדסה עין כרם-ירושלים,כפיר,שער שכם,ירושלים
35141,73001,1,גבעת המבתר-ירושלים --> הדסה עין כרם-ירושלים,כפיר,שער שכם,ירושלים
35144,73001,1,נווה יעקב - צפון-ירושלים --> הדסה עין כרם-ירושלים,כפיר,העירייה,ירושלים
35144,73001,1,גבעת המבתר-ירושלים --> הדסה עין כרם-ירושלים,כפיר,העירייה,ירושלים
35145,73001,1,נווה יעקב - צפון-ירושלים --> הדסה עין כרם-ירושלים,כפיר,יפו - מרכז,ירושלים
35145,73001,1,גבעת המבתר-ירושלים --> הדסה עין כרם-ירושלים,כפיר,יפו - מרכז,ירושלים
35148,73001,1,נווה יעקב - צפון-ירושלים --> הדסה עין כרם-ירושלים,כפיר,הדווידקה,ירושלים
35148,73001,1,גבעת המבתר-ירושלים --> הדסה עין כרם-ירושלים,כפיר,הדווידקה,ירושלים
35149,73001,1,נווה יעקב - צפון-ירושלים --> הדסה עין כרם-ירושלים,כפיר,מחנה יהודה,ירושלים
35149,73001,1,גבעת המבתר-ירושלים --> הדסה עין כרם-ירושלים,כפיר,מחנה יהודה,ירושלים
35151,73001,1,נווה יעקב - צפון-ירושלים --> הדסה עין כרם-ירושלים,כפיר,הטורים,ירושלים
35151,73001,1,גבעת המבתר-ירושלים --> הדסה עין כרם-ירושלים,כפיר,הטורים,ירושלים
35153,73001,1,נווה יעקב - צפון-ירושלים --> הדסה עין כרם-ירושלים,כפיר,התחנה המרכזית,ירושלים
35153,73001,1,גבעת המבתר-ירושלים --> הדסה עין כרם-ירושלים,כפיר,התחנה המרכזית,ירושלים
35156,73001,1,נווה יעקב - צפון-ירושלים --> הדסה עין כרם-ירושלים,כפיר,קריית משה,ירושלים
35156,73001,1,גבעת המבתר-ירושלים --> הדסה עין כרם-ירושלים,כפיר,קריית משה,ירושלים
35164,73001,1,נווה יעקב - צפון-ירושלים --> הדסה עין כרם-ירושלים,כפיר,החלוץ,ירושלים
35164,73001,1,גבעת המבתר-ירושלים --> הדסה עין כרם-ירושלים,כפיר,החלוץ,ירושלים
35158,73001,1,נווה יעקב - צפון-ירושלים --> הדסה עין כרם-ירושלים,כפיר,כיכר דניה,ירושלים
35158,73001,1,גבעת המבתר-ירושלים --> הדסה עין כרם-ירושלים,כפיר,כיכר דניה,ירושלים
35160,73001,1,נווה יעקב - צפון-ירושלים --> הדסה עין כרם-ירושלים,כפיר,יפה נוף,ירושלים
35160,73001,1,גבעת המבתר-ירושלים --> הדסה עין כרם-ירושלים,כפיר,יפה נוף,ירושלים
35162,73001,1,נווה יעקב - צפון-ירושלים --> הדסה עין כרם-ירושלים,כפיר,הר הרצל,ירושלים
35162,73001,1,גבעת המבתר-ירושלים --> הדסה עין כרם-ירושלים,כפיר,הר הרצל,ירושלים
49435,73001,1,נווה יעקב - צפון-ירושלים --> הדסה עין כרם-ירושלים,כפיר,שמריהו לוין,ירושלים
49435,73001,1,גבעת המבתר-ירושלים --> הדסה עין כרם-ירושלים,כפיר,שמריהו לוין,ירושלים
49472,73001,1,נווה יעקב - צפון-ירושלים --> הדסה עין כרם-ירושלים,כפיר,קריית היובל - מערב,ירושלים
49472,73001,1,גבעת המבתר-ירושלים --> הדסה עין כרם-ירושלים,כפיר,קריית היובל - מערב,ירושלים
49449,73001,1,נווה יעקב - צפון-ירושלים --> הדסה עין כרם-ירושלים,כפיר,גן המפלצת,ירושלים
49449,73001,1,גבעת המבתר-ירושלים --> הדסה עין כרם-ירושלים,כפיר,גן המפלצת,ירושלים
49424,73001,1,נווה יעקב - צפון-ירושלים --> הדסה עין כרם-ירושלים,כפיר,הנרייטה סאלד - מזרח,ירושלים
49424,73001,1,גבעת המבתר-ירושלים --> הדסה עין כרם-ירושלים,כפיר,הנרייטה סאלד - מזרח,ירושלים
49463,73001,1,נווה יעקב - צפון-ירושלים --> הדסה עין כרם-ירושלים,כפיר,קריית מנחם,ירושלים
49463,73001,1,גבעת המבתר-ירושלים --> הדסה עין כרם-ירושלים,כפיר,קריית מנחם,ירושלים
49461,73001,1,נווה יעקב - צפון-ירושלים --> הדסה עין כרם-ירושלים,כפיר,צומת אורה,ירושלים
49461,73001,1,גבעת המבתר-ירושלים --> הדסה עין כרם-ירושלים,כפיר,צומת אורה,ירושלים
49467,73001,1,נווה יעקב - צפון-ירושלים --> הדסה עין כרם-ירושלים,כפיר,בית הספר לרפואה,ירושלים
49467,73001,1,גבעת המבתר-ירושלים --> הדסה עין כרם-ירושלים,כפיר,בית הספר לרפואה,ירושלים
49451,73001,1,נווה יעקב - צפון-ירושלים --> הדסה עין כרם-ירושלים,כפיר,הדסה עין כרם,ירושלים
49451,73001,1,גבעת המבתר-ירושלים --> הדסה עין כרם-ירושלים,כפיר,הדסה עין כרם,ירושלים
49096,79001,1,הקוממיות-בת ים --> תחנה מרכזית פתח תקווה-פתח תקווה,תבל,הקוממיות,בת ים
49096,65002,2,הקוממיות-בת ים --> קרית אריה-פתח תקווה,תבל,הקוממיות,בת ים
49126,79001,1,הקוממיות-בת ים --> תחנה מרכזית פתח תקווה-פתח תקווה,תבל,העמל,בת ים
49126,65002,2,הקוממיות-בת ים --> קרית אריה-פתח תקווה,תבל,העמל,בת ים
49138,79001,1,הקוממיות-בת ים --> תחנה מרכזית פתח תקווה-פתח תקווה,תבל,כ''ט בנובמבר,בת ים
49138,65002,2,הקוממיות-בת ים --> קרית אריה-פתח תקווה,תבל,כ''ט בנובמבר,בת ים
49112,79001,1,הקוממיות-בת ים --> תחנה מרכזית פתח תקווה-פתח תקווה,תבל,יוספטל,בת ים
49112,65002,2,הקוממיות-בת ים --> קרית אריה-פתח תקווה,תבל,יוספטל,בת ים
49154,79001,1,הקוממיות-בת ים --> תחנה מרכזית פתח תקווה-פתח תקווה,תבל,בנימין,בת ים
49154,65002,2,הקוממיות-בת ים --> קרית אריה-פתח תקווה,תבל,בנימין,בת ים
49113,79001,1,הקוממיות-בת ים --> תחנה מרכזית פתח תקווה-פתח תקווה,תבל,בלפור,בת ים
49113,65002,2,הקוממיות-בת ים --> קרית אריה-פתח תקווה,תבל,בלפור,בת ים
49103,79001,1,הקוממיות-בת ים --> תחנה מרכזית פתח תקווה-פתח תקווה,תבל,ז'בוטינסקי,בת ים
49103,65002,2,הקוממיות-בת ים --> קרית אריה-פתח תקווה,תבל,ז'בוטינסקי,בת ים
49104,79001,1,הקוממיות-בת ים --> תחנה מרכזית פתח תקווה-פתח תקווה,תבל,רוטשילד,בת ים
49104,65002,2,הקוממיות-בת ים --> קרית אריה-פתח תקווה,תבל,רוטשילד,בת ים
49119,79001,1,הקוממיות-בת ים --> תחנה מרכזית פתח תקווה-פתח תקווה,תבל,העצמאות,בת ים
49119,65002,2,הקוממיות-בת ים --> קרית אריה-פתח תקווה,תבל,העצמאות,בת ים
49114,79001,1,הקוממיות-בת ים --> תחנה מרכזית פתח תקווה-פתח תקווה,תבל,מחרוזת,תל אביב יפו
49114,65002,2,הקוממיות-בת ים --> קרית אריה-פתח תקווה,תבל,מחרוזת,תל אביב יפו
49144,79001,1,הקוממיות-בת ים --> תחנה מרכזית פתח תקווה-פתח תקווה,תבל,הבעש''ט,תל אביב יפו
49144,65002,2,הקוממיות-בת ים --> קרית אריה-פתח תקווה,תבל,הבעש''ט,תל אביב יפו
49090,79001,1,הקוממיות-בת ים --> תחנה מרכזית פתח תקווה-פתח תקווה,תבל,איסקוב,תל אביב יפו
49090,65002,2,הקוממיות-בת ים --> קרית אריה-פתח תקווה,תבל,איסקוב,תל אביב יפו
49121,79001,1,הקוממיות-בת ים --> תחנה מרכזית פתח תקווה-פתח תקווה,תבל,ארליך,תל אביב יפו
49121,65002,2,הקוממיות-בת ים --> קרית אריה-פתח תקווה,תבל,ארליך,תל אביב יפו
49116,79001,1,הקוממיות-בת ים --> תחנה מרכזית פתח תקווה-פתח תקווה,תבל,אצטדיון בלומפילד,תל אביב יפו
49116,65002,2,הקוממיות-בת ים --> קרית אריה-פתח תקווה,תבל,אצטדיון בלומפילד,תל אביב יפו
49122,79001,1,הקוממיות-בת ים --> תחנה מרכזית פתח תקווה-פתח תקווה,תבל,שלמה,תל אביב יפו
49122,65002,2,הקוממיות-בת ים --> קרית אריה-פתח תקווה,תבל,שלמה,תל אביב יפו
49134,79001,1,הקוממיות-בת ים --> תחנה מרכזית פתח תקווה-פתח תקווה,תבל,אליפלט,תל אביב יפו
49134,86003,3,אליפלט-תל אביב יפו --> קרית אריה-פתח תקווה,תבל,אליפלט,תל אביב יפו
49134,65002,2,הקוממיות-בת ים --> קרית אריה-פתח תקווה,תבל,אליפלט,תל אביב יפו
49135,79001,1,הקוממיות-בת ים --> תחנה מרכזית פתח תקווה-פתח תקווה,תבל,אלנבי,תל אביב יפו
49135,86003,3,אליפלט-תל אביב יפו --> קרית אריה-פתח תקווה,תבל,אלנבי,תל אביב יפו
49135,65002,2,הקוממיות-בת ים --> קרית אריה-פתח תקווה,תבל,אלנבי,תל אביב יפו
49100,79001,1,הקוממיות-בת ים --> תחנה מרכזית פתח תקווה-פתח תקווה,תבל,קרליבך,תל אביב יפו
49100,86003,3,אליפלט-תל אביב יפו --> קרית אריה-פתח תקווה,תבל,קרליבך,תל אביב יפו
49100,65002,2,הקוממיות-בת ים --> קרית אריה-פתח תקווה,תבל,קרליבך,תל אביב יפו
49109,79001,1,הקוממיות-בת ים --> תחנה מרכזית פתח תקווה-פתח תקווה,תבל,יהודית,תל אביב יפו
49109,86003,3,אליפלט-תל אביב יפו --> קרית אריה-פתח תקווה,תבל,יהודית,תל אביב יפו
49109,65002,2,הקוממיות-בת ים --> קרית אריה-פתח תקווה,תבל,יהודית,תל אביב יפו
49149,79001,1,הקוממיות-בת ים --> תחנה מרכזית פתח תקווה-פתח תקווה,תבל,שאול המלך,תל אביב יפו
49149,86003,3,אליפלט-תל אביב יפו --> קרית אריה-פתח תקווה,תבל,שאול המלך,תל אביב יפו
49149,65002,2,הקוממיות-בת ים --> קרית אריה-פתח תקווה,תבל,שאול המלך,תל אביב יפו
49093,79001,1,הקוממיות-בת ים --> תחנה מרכזית פתח תקווה-פתח תקווה,תבל,ארלוזורוב,תל אביב יפו
49093,86003,3,אליפלט-תל אביב יפו --> קרית אריה-פתח תקווה,תבל,ארלוזורוב,תל אביב יפו
49093,65002,2,הקוממיות-בת ים --> קרית אריה-פתח תקווה,תבל,ארלוזורוב,תל אביב יפו
49150,79001,1,הקוממיות-בת ים --> תחנה מרכזית פתח תקווה-פתח תקווה,תבל,אבא הלל,רמת גן
49150,86003,3,אליפלט-תל אביב יפו --> קרית אריה-פתח תקווה,תבל,אבא הלל,רמת גן
49150,65002,2,הקוממיות-בת ים --> קרית אריה-פתח תקווה,תבל,אבא הלל,רמת גן
49145,79001,1,הקוממיות-בת ים --> תחנה מרכזית פתח תקווה-פתח תקווה,תבל,ביאליק,רמת גן
49145,86003,3,אליפלט-תל אביב יפו --> קרית אריה-פתח תקווה,תבל,ביאליק,רמת גן
49145,65002,2,הקוממיות-בת ים --> קרית אריה-פתח תקווה,תבל,ביאליק,רמת גן
49146,79001,1,הקוממיות-בת ים --> תחנה מרכזית פתח תקווה-פתח תקווה,תבל,בן גוריון,בני ברק
49146,86003,3,אליפלט-תל אביב יפו --> קרית אריה-פתח תקווה,תבל,בן גוריון,בני ברק
49146,65002,2,הקוממיות-בת ים --> קרית אריה-פתח תקווה,תבל,בן גוריון,בני ברק
49117,79001,1,הקוממיות-בת ים --> תחנה מרכזית פתח תקווה-פתח תקווה,תבל,אהרונוביץ',בני ברק
49117,86003,3,אליפלט-תל אביב יפו --> קרית אריה-פתח תקווה,תבל,אהרונוביץ',בני ברק
49117,65002,2,הקוממיות-בת ים --> קרית אריה-פתח תקווה,תבל,אהרונוביץ',בני ברק
49128,79001,1,הקוממיות-בת ים --> תחנה מרכזית פתח תקווה-פתח תקווה,תבל,שנקר,פתח תקווה
49140,79001,1,הקוממיות-בת ים --> תחנה מרכזית פתח תקווה-פתח תקווה,תבל,שחם,פתח תקווה
49141,79001,1,הקוממיות-בת ים --> תחנה מרכזית פתח תקווה-פתח תקווה,תבל,בלינסון,פתח תקווה
49142,79001,1,הקוממיות-בת ים --> תחנה מרכזית פתח תקווה-פתח תקווה,תבל,דנקנר,פתח תקווה
49120,79001,1,הקוממיות-בת ים --> תחנה מרכזית פתח תקווה-פתח תקווה,תבל,קרול,פתח תקווה
49131,79001,1,הקוממיות-בת ים --> תחנה מרכזית פתח תקווה-פתח תקווה,תבל,פינסקר,פתח תקווה
49157,79001,1,הקוממיות-בת ים --> תחנה מרכזית פתח תקווה-פתח תקווה,תבל,תחנה מרכזית פתח תקווה,פתח תקווה
49132,79001,1,תחנה מרכזית פתח תקווה-פתח תקווה --> הקוממיות-בת ים,תבל,תחנה מרכזית פתח תקווה,פתח תקווה
49143,79001,1,תחנה מרכזית פתח תקווה-פתח תקווה --> הקוממיות-בת ים,תבל,פינסקר,פתח תקווה
49098,79001,1,תחנה מרכזית פתח תקווה-פתח תקווה --> הקוממיות-בת ים,תבל,קרול,פתח תקווה
49130,79001,1,תחנה מרכזית פתח תקווה-פתח תקווה --> הקוממיות-בת ים,תבל,דנקנר,פתח תקווה
49107,79001,1,תחנה מרכזית פתח תקווה-פתח תקווה --> הקוממיות-בת ים,תבל,בלינסון,פתח תקווה
49129,79001,1,תחנה מרכזית פתח תקווה-פתח תקווה --> הקוממיות-בת ים,תבל,שחם,פתח תקווה
49097,79001,1,תחנה מרכזית פתח תקווה-פתח תקווה --> הקוממיות-בת ים,תבל,שנקר,פתח תקווה
49095,79001,1,תחנה מרכזית פתח תקווה-פתח תקווה --> הקוממיות-בת ים,תבל,אהרונוביץ',בני ברק
49095,86003,3,קרית אריה-פתח תקווה --> אליפלט-תל אביב יפו,תבל,אהרונוביץ',בני ברק
49095,65002,2,קרית אריה-פתח תקווה --> הקוממיות-בת ים,תבל,אהרונוביץ',בני ברק
49151,79001,1,תחנה מרכזית פתח תקווה-פתח תקווה --> הקוממיות-בת ים,תבל,בן גוריון,בני ברק
49151,86003,3,קרית אריה-פתח תקווה --> אליפלט-תל אביב יפו,תבל,בן גוריון,בני ברק
49151,65002,2,קרית אריה-פתח תקווה --> הקוממיות-בת ים,תבל,בן גוריון,בני ברק
49094,79001,1,תחנה מרכזית פתח תקווה-פתח תקווה --> הקוממיות-בת ים,תבל,ביאליק,רמת גן
49094,86003,3,קרית אריה-פתח תקווה --> אליפלט-תל אביב יפו,תבל,ביאליק,רמת גן
49094,65002,2,קרית אריה-פתח תקווה --> הקוממיות-בת ים,תבל,ביאליק,רמת גן
49101,79001,1,תחנה מרכזית פתח תקווה-פתח תקווה --> הקוממיות-בת ים,תבל,אבא הלל,רמת גן
49101,86003,3,קרית אריה-פתח תקווה --> אליפלט-תל אביב יפו,תבל,אבא הלל,רמת גן
49101,65002,2,קרית אריה-פתח תקווה --> הקוממיות-בת ים,תבל,אבא הלל,רמת גן
49110,79001,1,תחנה מרכזית פתח תקווה-פתח תקווה --> הקוממיות-בת ים,תבל,ארלוזורוב,תל אביב יפו
49110,86003,3,קרית אריה-פתח תקווה --> אליפלט-תל אביב יפו,תבל,ארלוזורוב,תל אביב יפו
49110,65002,2,קרית אריה-פתח תקווה --> הקוממיות-בת ים,תבל,ארלוזורוב,תל אביב יפו
49137,79001,1,תחנה מרכזית פתח תקווה-פתח תקווה --> הקוממיות-בת ים,תבל,שאול המלך,תל אביב יפו
49137,86003,3,קרית אריה-פתח תקווה --> אליפלט-תל אביב יפו,תבל,שאול המלך,תל אביב יפו
49137,65002,2,קרית אריה-פתח תקווה --> הקוממיות-בת ים,תבל,שאול המלך,תל אביב יפו
49136,79001,1,תחנה מרכזית פתח תקווה-פתח תקווה --> הקוממיות-בת ים,תבל,יהודית,תל אביב יפו
49136,86003,3,קרית אריה-פתח תקווה --> אליפלט-תל אביב יפו,תבל,יהודית,תל אביב יפו
49136,65002,2,קרית אריה-פתח תקווה --> הקוממיות-בת ים,תבל,יהודית,תל אביב יפו
49124,79001,1,תחנה מרכזית פתח תקווה-פתח תקווה --> הקוממיות-בת ים,תבל,קרליבך,תל אביב יפו
49124,86003,3,קרית אריה-פתח תקווה --> אליפלט-תל אביב יפו,תבל,קרליבך,תל אביב יפו
49124,65002,2,קרית אריה-פתח תקווה --> הקוממיות-בת ים,תבל,קרליבך,תל אביב יפו
49123,79001,1,תחנה מרכזית פתח תקווה-פתח תקווה --> הקוממיות-בת ים,תבל,אלנבי,תל אביב יפו
49123,86003,3,קרית אריה-פתח תקווה --> אליפלט-תל אביב יפו,תבל,אלנבי,תל אביב יפו
49123,65002,2,קרית אריה-פתח תקווה --> הקוממיות-בת ים,תבל,אלנבי,תל אביב יפו
49092,79001,1,תחנה מרכזית פתח תקווה-פתח תקווה --> הקוממיות-בת ים,תבל,אליפלט,תל אביב יפו
49092,86003,3,קרית אריה-פתח תקווה --> אליפלט-תל אביב יפו,תבל,אליפלט,תל אביב יפו
49092,65002,2,קרית אריה-פתח תקווה --> הקוממיות-בת ים,תבל,אליפלט,תל אביב יפו
49099,79001,1,תחנה מרכזית פתח תקווה-פתח תקווה --> הקוממיות-בת ים,תבל,שלמה,תל אביב יפו
49099,65002,2,קרית אריה-פתח תקווה --> הקוממיות-בת ים,תבל,שלמה,תל אביב יפו
49091,79001,1,תחנה מרכזית פתח תקווה-פתח תקווה --> הקוממיות-בת ים,תבל,אצטדיון בלומפילד,תל אביב יפו
49091,65002,2,קרית אריה-פתח תקווה --> הקוממיות-בת ים,תבל,אצטדיון בלומפילד,תל אביב יפו
49148,79001,1,תחנה מרכזית פתח תקווה-פתח תקווה --> הקוממיות-בת ים,תבל,ארליך,תל אביב יפו
49148,65002,2,קרית אריה-פתח תקווה --> הקוממיות-בת ים,תבל,ארליך,תל אביב יפו
49133,79001,1,תחנה מרכזית פתח תקווה-פתח תקווה --> הקוממיות-בת ים,תבל,איסקוב,תל אביב יפו
49133,65002,2,קרית אריה-פתח תקווה --> הקוממיות-בת ים,תבל,איסקוב,תל אביב יפו
49115,79001,1,תחנה מרכזית פתח תקווה-פתח תקווה --> הקוממיות-בת ים,תבל,הבעש''ט,תל אביב יפו
49115,65002,2,קרית אריה-פתח תקווה --> הקוממיות-בת ים,תבל,הבעש''ט,תל אביב יפו
49108,79001,1,תחנה מרכזית פתח תקווה-פתח תקווה --> הקוממיות-בת ים,תבל,מחרוזת,תל אביב יפו
49108,65002,2,קרית אריה-פתח תקווה --> הקוממיות-בת ים,תבל,מחרוזת,תל אביב יפו
49105,79001,1,תחנה מרכזית פתח תקווה-פתח תקווה --> הקוממיות-בת ים,תבל,העצמאות,בת ים
49105,65002,2,קרית אריה-פתח תקווה --> הקוממיות-בת ים,תבל,העצמאות,בת ים
49156,79001,1,תחנה מרכזית פתח תקווה-פתח תקווה --> הקוממיות-בת ים,תבל,רוטשילד,בת ים
49156,65002,2,קרית אריה-פתח תקווה --> הקוממיות-בת ים,תבל,רוטשילד,בת ים
49155,79001,1,תחנה מרכזית פתח תקווה-פתח תקווה --> הקוממיות-בת ים,תבל,ז'בוטינסקי,בת ים
49155,65002,2,קרית אריה-פתח תקווה --> הקוממיות-בת ים,תבל,ז'בוטינסקי,בת ים
49118,79001,1,תחנה מרכזית פתח תקווה-פתח תקווה --> הקוממיות-בת ים,תבל,בלפור,בת ים
49118,65002,2,קרית אריה-פתח תקווה --> הקוממיות-בת ים,תבל,בלפור,בת ים
49139,79001,1,תחנה מרכזית פתח תקווה-פתח תקווה --> הקוממיות-בת ים,תבל,בנימין,בת ים
49139,65002,2,קרית אריה-פתח תקווה --> הקוממיות-בת ים,תבל,בנימין,בת ים
49147,79001,1,תחנה מרכזית פתח תקווה-פתח תקווה --> הקוממיות-בת ים,תבל,יוספטל,בת ים
49147,65002,2,קרית אריה-פתח תקווה --> הקוממיות-בת ים,תבל,יוספטל,בת ים
49111,79001,1,תחנה מרכזית פתח תקווה-פתח תקווה --> הקוממיות-בת ים,תבל,כ''ט בנובמבר,בת ים
49111,65002,2,קרית אריה-פתח תקווה --> הקוממיות-בת ים,תבל,כ''ט בנובמבר,בת ים
49153,79001,1,תחנה מרכזית פתח תקווה-פתח תקווה --> הקוממיות-בת ים,תבל,העמל,בת ים
49153,65002,2,קרית אריה-פתח תקווה --> הקוממיות-בת ים,תבל,העמל,בת ים
49125,79001,1,תחנה מרכזית פתח תקווה-פתח תקווה --> הקוממיות-בת ים,תבל,הקוממיות,בת ים
49125,65002,2,קרית אריה-פתח תקווה --> הקוממיות-בת ים,תבל,הקוממיות,בת ים
49102,86003,3,אליפלט-תל אביב יפו --> קרית אריה-פתח תקווה,תבל,גשר אם המושבות,בני ברק
49102,65002,2,הקוממיות-בת ים --> קרית אריה-פתח תקווה,תבל,גשר אם המושבות,בני ברק
49127,86003,3,אליפלט-תל אביב יפו --> קרית אריה-פתח תקווה,תבל,קרית אריה,פתח תקווה
49127,65002,2,הקוממיות-בת ים --> קרית אריה-פתח תקווה,תבל,קרית אריה,פתח תקווה
49106,86003,3,קרית אריה-פתח תקווה --> אליפלט-תל אביב יפו,תבל,קרית אריה,פתח תקווה
49106,65002,2,קרית אריה-פתח תקווה --> הקוממיות-בת ים,תבל,קרית אריה,פתח תקווה
49152,86003,3,קרית אריה-פתח תקווה --> אליפלט-תל אביב יפו,תבל,גשר אם המושבות,בני ברק
49152,65002,2,קרית אריה-פתח תקווה --> הקוממיות-בת ים,תבל,גשר אם המושבות,בני ברק
